date,symbol,signal,rank_score,base_score,price,rsi,gex_1pct_m,gex_bps,regime,call_wall,put_wall,gamma_flip,call_wall_edge,put_wall_edge,has_earnings_data,stop_loss,target_price,hold_horizon,recommended_strategy,exit_price,exit_reason,pnl_usd,pnl_pct,fwd_1d_pct,fwd_5d_pct,logged_at
2026-09-20,HOOD,WALL_PIN,49.0,40.0,119.82,60.0,30.56,2.8364,,120.0,110.0,102.82,False,False,True,123.41,120.42,1,Iron Condor / Short Volatility,,,,,,,2026-09-20T13:32:24.263811+00:00
2026-09-20,AAPL,WALL_PIN,47.2,40.0,336.13,64.3,775.85,1.5816,,340.0,300.0,311.41,False,False,True,346.8,337.81,1,Iron Condor / Short Volatility,,,,,,,2026-09-20T13:32:24.263811+00:00
2026-09-20,INTC,WALL_PIN,45.4,40.0,108.6,61.7,87.9,1.5312,,110.0,100.0,92.39,False,False,True,112.2,109.14,1,Iron Condor / Short Volatility,,,,,,,2026-09-20T13:32:24.263811+00:00
2026-09-20,PLTR,WALL_PIN,43.6,40.0,177.64,57.0,27.37,0.6411,,180.0,170.0,171.42,False,False,True,183.6,178.53,1,Iron Condor / Short Volatility,,,,,,,2026-09-20T13:32:24.263811+00:00
2026-09-20,ASML,WALL_PIN,41.8,40.0,1679.92,48.6,-17.48,-0.2709,,1700.0,1600.0,1723.68,False,False,True,1734.0,1688.32,1,Iron Condor / Short Volatility,,,,,,,2026-09-20T13:32:24.263811+00:00
2026-09-21,PLTR,WALL_PIN,49.0,40.0,179.43,57.0,294.26,6.8247,,180.0,170.0,178.41,False,False,True,184.81,180.32,1,Iron Condor / Short Volatility,,,,,,,2026-09-21T13:32:24.770425+00:00
2026-09-21,META,WALL_PIN,44.5,40.0,696.13,65.8,569.16,3.2094,,700.0,640.0,693.86,False,False,True,717.01,699.61,1,Iron Condor / Short Volatility,,,,,,,2026-09-21T13:32:24.770425+00:00
2026-09-15,AMAT,OVERSOLD_BULL_PULLBACK,,,427.98,,,,,,,,,,,393.74,445.1,5,,454.785,TARGET,62.63,6.26,,,2026-09-21T19:55:33.165192+00:00
2026-09-22,PLTR,WALL_PIN,44.5,40.0,183.8,61.1,100.89,2.2843,,185.0,170.0,183.17,False,False,True,189.31,184.72,1,Iron Condor / Short Volatility,,,,,,,2026-09-22T13:32:42.573956+00:00
2026-09-15,AMAT,OVERSOLD_BULL_PULLBACK,,,427.98,,,,,,,,,,,393.74,445.1,5,,454.785,TARGET,62.63,6.26,,,2026-09-22T19:55:34.599705+00:00
2026-09-23,PLTR,WALL_PIN,44.5,40.0,183.5,61.1,19.42,0.4404,,185.0,170.0,183.26,False,False,True,189.01,184.42,1,Iron Condor / Short Volatility,,,,,,,2026-09-23T13:32:33.123919+00:00
2026-09-15,AMAT,OVERSOLD_BULL_PULLBACK,,,427.98,,,,,,,,,,,393.74,445.1,5,,454.785,TARGET,62.63,6.26,,,2026-09-23T19:55:33.761842+00:00
2026-09-24,AAPL,WALL_PIN,44.5,40.0,336.26,62.9,461.88,0.9412,,340.0,300.0,335.62,False,False,True,346.8,337.94,1,Iron Condor / Short Volatility,,,,,,,2026-09-24T13:32:42.592193+00:00
2026-09-15,AMAT,OVERSOLD_BULL_PULLBACK,,,427.98,,,,,,,,,,,393.74,445.1,5,,454.785,TARGET,62.63,6.26,,,2026-09-24T19:55:37.046726+00:00
2026-09-27,HOOD,WALL_PIN,49.0,40.0,119.4,57.3,23.08,2.1497,,120.0,110.0,107.71,False,False,True,122.98,120.0,1,Iron Condor / Short Volatility,,,,,,,2026-09-27T13:31:58.789289+00:00
2026-09-27,ASML,WALL_PIN,44.5,40.0,1743.94,54.6,9.64,0.1439,,1760.0,1600.0,1726.83,False,False,True,1796.26,1752.66,1,Iron Condor / Short Volatility,,,,,,,2026-09-27T13:31:58.789289+00:00
2026-09-15,AMAT,OVERSOLD_BULL_PULLBACK,,,427.98,,,,,,,,,,,393.74,445.1,5,,454.785,TARGET,62.63,6.26,,,2026-09-27T19:55:40.996259+00:00
2026-09-28,ASML,WALL_PIN,49.0,40.0,1755.0,54.6,183.22,2.7179,,1760.0,1600.0,1749.62,False,False,True,1807.65,1763.77,1,Iron Condor / Short Volatility,,,,,,,2026-09-28T13:32:13.509640+00:00
2026-09-28,HOOD,WALL_PIN,46.0,40.0,118.62,57.3,14.73,1.3809,,120.0,110.0,118.42,False,False,True,122.4,119.21,1,Iron Condor / Short Volatility,,,,,,,2026-09-28T13:32:13.509640+00:00
2026-09-28,DDOG,WALL_PIN,43.0,40.0,258.24,67.0,3.82,0.4118,,260.0,240.0,257.64,False,False,True,265.99,259.53,1,Iron Condor / Short Volatility,,,,,,,2026-09-28T13:32:13.509640+00:00
2026-09-15,AMAT,OVERSOLD_BULL_PULLBACK,,,427.98,,,,,,,,,,,393.74,445.1,5,,454.785,TARGET,62.63,6.26,,,2026-09-28T19:55:53.523301+00:00
2026-09-15,AMAT,OVERSOLD_BULL_PULLBACK,,,427.98,,,,,,,,,,,393.74,445.1,5,,454.785,TARGET,62.63,6.26,,,2026-09-29T19:55:47.635475+00:00
2026-09-30,AMD,WALL_PIN,44.5,40.0,614.09,65.5,226.47,2.2591,,620.0,600.0,612.67,False,False,True,632.51,617.16,1,Iron Condor / Short Volatility,,,,,,,2026-09-30T13:32:14.709841+00:00
2026-09-15,AMAT,OVERSOLD_BULL_PULLBACK,,,427.98,,,,,,,,,,,393.74,445.1,5,,454.785,TARGET,62.63,6.26,,,2026-09-30T19:55:54.059764+00:00
2026-09-15,AMAT,OVERSOLD_BULL_PULLBACK,,,427.98,,,,,,,,,,,393.74,445.1,5,,454.785,TARGET,62.63,6.26,,,2026-10-01T19:55:44.459091+00:00
2026-09-15,AMAT,OVERSOLD_BULL_PULLBACK,,,427.98,,,,,,,,,,,393.74,445.1,5,,454.785,TARGET,62.63,6.26,,,2026-10-04T19:55:39.435234+00:00
2026-10-05,MSTR,WALL_PIN,49.0,40.0,163.39,62.6,12.87,1.976,,165.0,155.0,163.15,False,False,True,168.3,164.21,1,Iron Condor / Short Volatility,,,,,,,2026-10-05T13:33:36.652712+00:00
2026-10-05,AAPL,WALL_PIN,44.5,40.0,335.08,54.7,1.69,0.0035,,340.0,300.0,334.85,False,False,True,346.8,336.75,1,Iron Condor / Short Volatility,,,,,,,2026-10-05T13:33:36.652712+00:00
2026-10-06,AMAT,RESISTANCE_PINNED_SHORT_VOL,70.66,61.66,536.91,69.7,64.83,1.5216,,540.0,480.0,534.83,False,False,True,553.02,527.41,1,Bear Call Spread $540.0/$560.0,,,,,,,2026-10-06T13:34:08.943003+00:00
2026-10-06,NVDA,WALL_PIN,44.5,40.0,241.92,67.0,377.07,0.6455,,245.0,220.0,241.14,False,False,True,249.9,243.13,1,Iron Condor / Short Volatility,,,,,,,2026-10-06T13:34:08.943003+00:00
2026-09-15,AMAT,OVERSOLD_BULL_PULLBACK,,,427.98,,,,,,,,,,,393.74,445.1,5,,454.785,TARGET,62.63,6.26,,,2026-10-06T19:56:28.800609+00:00
2026-10-07,DDOG,RESISTANCE_PINNED_SHORT_VOL,68.61,62.61,277.61,70.6,11.33,1.1366,,280.0,250.0,276.57,False,False,True,285.94,271.94,1,Bear Call Spread $280.0/$290.0,,,,,,,2026-10-07T13:33:09.389855+00:00
2026-10-07,NVDA,WALL_PIN,49.0,40.0,237.47,67.3,733.89,1.2799,,240.0,220.0,236.67,False,False,True,244.8,238.66,1,Iron Condor / Short Volatility,,,,,,,2026-10-07T13:33:09.389855+00:00
2026-10-07,AAPL,WALL_PIN,43.0,40.0,335.28,54.6,7.17,0.0147,,340.0,300.0,335.14,False,False,True,346.8,336.96,1,Iron Condor / Short Volatility,,,,,,,2026-10-07T13:33:09.389855+00:00
2026-09-15,AMAT,OVERSOLD_BULL_PULLBACK,,,427.98,,,,,,,,,,,393.74,445.1,5,,454.785,TARGET,62.63,6.26,,,2026-10-07T19:56:38.537565+00:00
2026-10-08,AMZN,WALL_PIN,49.0,40.0,258.49,58.5,1774.21,6.3634,,260.0,250.0,257.66,False,False,True,266.24,259.78,1,Iron Condor / Short Volatility,,,,,,,2026-10-08T13:33:04.905291+00:00
2026-10-08,AAPL,WALL_PIN,44.5,40.0,336.7,57.7,286.96,0.584,,340.0,300.0,336.16,False,False,True,346.8,338.38,1,Iron Condor / Short Volatility,,,,,,,2026-10-08T13:33:04.905291+00:00
2026-09-15,AMAT,OVERSOLD_BULL_PULLBACK,,,427.98,,,,,,,,,,,393.74,445.1,5,,454.785,TARGET,62.63,6.26,,,2026-10-08T19:56:45.308061+00:00
